-1931.2263826947599,-802.0563302698349,3935.0129940171423
-1782.8253061052405,330.0205459670584,4108.089701617788
-2982.459725399498,340.1077969324482,3325.843639399443
-3093.642901437869,-77.7773880358179,3271.80680125532
-2584.977847295595,-488.49586826703774,3202.680342107935
-1579.4958019041032,-738.6617301885892,3556.133279653591
-2434.471292849209,381.41192926463316,2713.845141713236
-1621.7683797594232,507.3764545596644,3972.782023731467
-1609.240511595797,789.556274607893,3442.492732396243
-1950.906383389804,51.51172492786094,4195.360786458648
-1754.9860347436893,-384.29042961479666,3906.695799100237
-2704.2725023841494,618.3974346238341,2938.355493154156
-2644.3037373821553,309.63129354480003,3629.0762260623032
-1400.4014282103685,12.802320470528095,3590.1417652824966
-2378.95163219348,358.73599405229714,2612.663838788256
-1427.8525525743448,-288.5958985099477,3629.100654927332
-2601.2096631552304,31.683137866651556,3882.0716441266545
-1493.9775594556095,453.89241361914935,3670.816896547364
-2217.071400500889,-80.56036183125848,3353.9891961875765
-1766.321137606441,-603.8469681418719,3493.238295826701
-2431.1905057629465,-202.79432662428087,4005.2608756651057
-1391.2915581359566,-158.3580347982849,3237.874017096398
-1496.6803199257565,154.75449463471946,3294.2390166568066
-1375.6064284725687,-7.447641417837048,2997.3927051680976
-1711.2000341324592,-769.8573961145319,3596.4677394578575
-1283.1122967470897,162.9490160839233,3844.781263736508
-1675.811540675116,-626.3007807713823,3310.601609746851
-2272.589897628731,101.14902054162478,2996.3968491510027
-1569.97123641223,-2.3827994712410927,3664.037852885996
-1992.6489389108333,67.55794561342742,3517.140525143317
-2377.8809291251155,-681.3426544260284,2964.7608495706377
-2552.79376399651,-834.0718739107693,3231.338416646243
-1702.5448218780566,301.09030488176813,3944.3587501850498
-1972.4635145442085,-868.4214660462688,3305.3055265889047
-1471.3508614979687,-24.794452415334955,3528.663219668502
-2342.3226818126022,-844.4749815292209,3569.948235561946
-1967.295611816929,-368.6094239000277,3901.0244427197194
-2525.6376145104564,-631.2937107122747,2866.565849970724
-2354.58793337163,-435.45362718983995,2566.6794791229468
-2344.8608079860305,338.7589089054979,2594.239028696402
-1909.9613708409765,576.6191828145581,4139.500475249855
-2541.7405326671737,-440.6406835776999,3550.9912261497593
-1959.92408958378,-59.3716594835807,3756.0720580596953
-2978.464775086083,263.72749443122825,3294.9234588705044
-2531.2277347823097,734.3708181146136,3549.386440845419
-2616.300433303557,410.64495434303836,3898.894576089033
-1701.429653227628,534.4945108443859,3747.7556932609305
-1505.72501458632,-114.31081901191843,3584.5565297120033
-2270.5664352311014,179.95519832659878,4279.9168197230165
-2429.9180614491,-585.5505432399677,3467.0515873974564
-2347.7817287089333,-497.12178038671027,3548.835802259784
-2125.9656127686962,-26.813862470745242,2454.082660979961
-1602.6723646916994,138.16602462264527,3887.8875445999656
-1579.0436693681777,-261.83463202851965,4045.6363715229054
-2564.6320188024883,288.4219986918541,3457.6947992959003
-1969.4516142709313,917.4539820971423,3575.5330641061423
-1754.619574037996,-7.15957313120219,3311.940370765664
-2414.3032772054157,58.21058076707519,2762.5232592412417
-2555.171064054141,43.0791548227174,2524.239891633167
-2249.396325037887,-150.2303913964842,3791.209291581447
-1644.736684770311,-196.72993458867614,3131.7827542716695
-2125.0128394210187,367.2295270275798,3920.0532753357747
-1474.227067060977,-536.3641084771067,3864.8659667633783
-2489.576235560825,-338.142172088276,3460.592933638291
-1645.8801874290766,-678.1375763572308,3077.235703736079
-2829.4199271307584,-620.0087409658943,3868.6242121462565
-2773.3098478981,-247.27719241995015,3322.703965561357
-1370.4893658689257,-474.4292981982334,3329.1175635759755
-2298.4371605869073,226.97822368495048,2895.2697783886906
-1680.6367441688894,-534.1657261695874,3640.6480982769913
-2420.1976326147806,-886.3094947021301,3800.0677467539867
-1755.9301207789,-139.42801234827363,4024.2069423256235
-1570.4081284361282,373.5628068837555,4035.5482686274263
-2097.337128105995,-13.828861905497813,3942.39606783958
-1922.1156922070968,-890.0797136332988,3788.9915320702094
-2633.4370873837224,16.423832544505856,3447.0935898935686
-2552.2431398993604,-831.8879955693692,3603.655417925058
-2763.9067682848436,-160.14099259557213,3368.946492770841
-1497.0126590876002,-343.9129610304361,3455.3078976727875
-1577.9520794035936,-40.59761294351061,3522.020200119727
-1955.761034733428,16.66021215715885,3923.268359921943
-2472.727422678073,509.3052859828289,3458.4879706175475
-2508.3298464230606,570.55526857271,3630.1360584030053
-2494.1049643272127,-318.3354579527493,3004.555374198275
-2130.8217098879463,-740.0112795296895,4110.882994917291
-1840.589709920148,3.278549105511619,2750.6863521832
-2224.51274506263,623.0600873929668,3366.9086760426344
-2204.2280248288544,-293.7423760080624,3829.3754101993086
-1765.4434859613443,491.6172687929734,3265.8761142992817
-1962.5001312344552,-18.644859767410704,3615.787017372392
-2085.8246015302757,263.863517748371,3617.214800675626
-2971.311577209818,17.684864631548614,3050.0129352704503
-2137.051298309888,815.6129924575444,3742.9046327894266
-3027.3675059441657,499.7350598919743,3569.219847648601
-2118.0245446932086,518.506750115332,3416.037387558311
-1876.6475451440433,686.574574326082,3139.459149168295
-1735.8409921174134,-822.7824413326413,3216.0530355123765
-3063.567937141056,92.42886978282172,3040.0659802459068
-2193.8669187403043,168.32446887596308,3045.8679986073375
-1529.729645938965,-356.7247809042744,3353.2085664481724
-2251.7768261656415,157.50760029980393,4404.027115726342
-2757.741295504771,-503.38708700873445,3767.769356334494
-2086.9259597351215,835.4743467418238,3897.9203311645474
-2955.9967317268347,-313.20044846989293,3594.845061668284
-2222.6325626499424,-321.02878119933285,3138.2115205280643
-2401.1224829474154,339.9895943574327,2945.6607230105096
-1738.0249758748753,588.1359490001917,3798.832192280529
-2555.9382354746745,-580.1501507432985,3849.794532749955
-2189.4927177836034,-823.3715771470434,3937.350320208258
-2984.734346960381,-32.36792106932551,3993.151916618236
-2965.0741870474612,432.09115419105524,3126.4848464317542
-2204.344418388208,-244.14466025881777,3099.8330470578144
-2655.3618337532494,805.3878483741968,3249.7351484190326
-1290.1438378283983,354.06537047480225,3499.2155612747565
-1791.7307555054454,-761.1559587925929,3707.9127831947426
-1451.5571708427588,160.87730690257862,3691.4662797936635
-1839.2730310098416,150.23913017962133,2919.6423318745883
-2905.902173103429,29.8136160268343,3763.291287420421
-2809.056371430448,-233.8717956258205,3872.3916133256166
-2424.914070099003,-338.9694003208965,3088.484345392564
-1695.7249751619293,-405.99313729175356,4000.9098718398022
-2302.683766710285,580.4575146203965,2709.8455989144236
-1332.1120086171509,-173.17230231291703,3325.3228855778925
-2522.2694573801864,-264.7782238812688,3392.6608322892657
-2482.724434410268,96.01605829698113,3201.095399156262
-2084.604963063713,-2.8768556041143256,3132.627381119139
-1346.8128240537771,-261.37045931801595,3719.6392333522354
-1826.3821488538413,-314.38298499884485,4287.465848064459
-2318.0005972329864,-399.5559149618719,2701.3978276220923
-1786.2032438515566,-730.0608100807123,3097.5463662665056
-1875.265550541807,-324.3573801136117,4004.2912875526567
-2438.138746034996,312.5809495096754,3161.858572446187
-2252.36562294929,-711.0842354794955,2802.445474960294
-1992.1601517025804,-498.6383275388202,3157.671607955516
-2323.16025556908,-537.3020462919383,3215.526755084367
-2640.142431319236,-259.96530007177785,2933.5358572961677
-2628.717911084454,498.28408083206546,3217.1703058911557
-2078.221970839129,962.69333797974,3633.7529110569762
-1965.1931942688313,339.4964144106489,3498.915377765171
-2958.9325625058464,193.19523863740696,3109.6923964959133
-2854.9587560538266,-150.49989530602215,3281.566385292856
-2808.218400316041,-16.090979408383443,3800.815154314325
-1685.2920134594033,271.0563762483078,3725.50397822578
-2979.8795338203736,323.97654424888066,3782.950616942841
-2162.8358081639653,-107.16777647587783,3497.6111614266792
-1593.8997639558115,-209.2123929935732,2797.9799285243266
-1815.6036975178695,634.0505605214677,3185.687836155593
-2132.3477703755125,270.9597579771037,3071.51194893153
-1932.6464653057935,177.3787618642837,3211.900365116208
-1223.8614348953752,190.10485891957174,3246.3500221501918
-2609.3398499131526,-69.04260056111333,3177.7583647261554
-2026.4748564945685,666.9823903414165,3429.3118434099174
-2020.5843867008184,271.7014026207947,3590.614564292944
-2013.8711840207513,-189.76013073403308,3372.0836148629696
-1705.735989739263,-540.2150773322352,3252.484843400158
-1658.3178305432348,532.4148120343021,3672.896746168976
-2127.573505602739,-66.72480001245562,4230.396397913517
-2292.605349509183,-57.05838421670295,2959.1802758811855
-1682.5624672701294,-189.04216767405214,4184.780142976822
-2414.210454262242,188.12895548965568,3170.0815471551705
-1339.0040334899095,-162.61033021770066,3128.3603700210074
-1707.3557236355823,-810.384617357593,3440.79765446942
-1716.0028994357626,-542.0571468183404,2788.7011066202504
-2471.9997314000834,-20.288448458289476,3679.0286093784853
-1768.0127336842352,29.7629036356164,3037.7741659183366
-2703.1899317311836,-155.24960452785263,3920.1250016365357
-1543.6628514105537,-27.48305065622514,3533.192882056881
-1790.6283494226368,261.3723450578691,3486.856483109008
-1776.4754075713997,-438.5003465749735,4010.4641641126886
-2489.649225727342,-301.11504507060795,2611.3603893318086
-2021.5841282974357,113.19310516142522,2701.951079533409
-2108.2155386763716,660.6475051126974,2850.6636332356816
-2380.914022186936,314.3754538361181,2731.0382047491908
-1821.9351923023237,456.2187489539804,3458.8697336390414
-2441.034384508953,645.0920071000388,2810.1514587578135
-1635.799780690414,-441.808877167825,3897.572552205731
-2241.561420181612,-49.936315282249396,3611.3874438366447
-2265.8754816628625,649.8479577674319,2897.738140584356
-1623.754472065347,-606.0174729403572,2995.799584098963
-2770.806837422351,296.4928942887579,2973.842553059407
-2994.556208868219,156.53051617272462,3661.8755217001267
-2030.3456119166706,-18.003531947193174,3989.3162905287936
-1786.139716543507,156.66969417518794,3575.716559477328
-1898.8835309269007,577.8600959664697,3411.2735623094823
-2248.8329706141326,416.33488257929275,2882.420230280125
-2391.9243305682157,-229.26717585067234,3893.4257765524226
-2154.8811924550637,217.88436836572922,3075.545383302057
-2468.1549845586437,-797.2549995376071,2959.723481643405
-2865.6123950159586,15.967258748842195,4095.5984653067053
-1461.0530009369722,-92.15377029668703,3957.036525519804
-1822.6046848670985,-110.43621356468014,2767.298898099009
-1818.4239906125329,-202.2304818240168,3393.5570642647876
-3173.1106502046005,-110.70241988576556,3543.277145867156
-2201.7636688938583,516.5232408002342,3739.4639665905875
-2640.230386946472,299.85299773868104,3433.136928914374
-1377.1101683915126,526.5767799922631,3711.2182695094334
-2587.48515028179,-154.5173957205086,2845.6220428413685
-1724.6286768835132,-649.2464973602914,3173.985827062994
-2283.168728501238,116.27491607188833,3685.577183921503
-2172.9272074998053,404.5775498194604,2977.5924596707314
-1410.5859174733832,-415.226407104607,3689.0728458707654
-2387.9773381515142,549.3117336491582,3104.881970534753
-1424.120268450958,533.2227930539326,3124.207515420102
-2370.4401458259626,591.1087711684658,3873.8409709422926
-1479.1110235288843,-129.55824330008303,2842.9747729982387
-2539.1137048518617,656.1804353254446,3484.755771899588
-2373.9095910513274,-690.4224418912523,4140.9773269392135
-2650.5566598610953,405.92553633092353,4067.120210680262
-1426.023060066431,264.0538865096444,3671.7903100480194
-1960.5724068075995,-658.6960454129187,3265.158625803947
-1543.2771217471334,-722.1908575870049,3483.0675684236994
-1506.798606029668,-516.7485750678474,2966.7715048097793
-2305.519956262906,774.677914809335,3028.7677770884648
-2405.968795534024,68.93329503070645,3220.1947605712617
-2597.91091234891,-128.54321689079075,3596.1126958520945
-1924.525729678729,728.8336360249939,3625.357346985525
-2438.2391398911313,837.4525394775634,3130.4548622446564
-2517.748045824144,-207.95704280143212,4346.191097745444
-1888.7204494185635,433.9128803218761,3945.37630516247
-2065.878903582232,76.22241723360368,3155.6505424736933
-1554.792589360364,-188.93640481222863,4171.343855762274
-2820.1928616777127,-115.57763379130259,3087.130374613425
-2590.724436134419,664.3600700364534,3677.273361081253
-1998.783357771599,-145.0773783549102,3751.292465318673
-2594.4343279347145,47.08877554733127,3020.2762562776893
-2250.8162655169003,146.32235554884954,2621.4548025024696
-2380.6528224394056,-522.1452447718118,3564.4341406638755
-1700.3620268291354,-15.220304709036458,4199.29874207713
-2611.9567513418438,-496.0636196834227,2850.6079802921963
-1988.300822152182,-278.4472038268455,3083.6032818171875
-2550.612260880788,-192.99081598495604,3600.9673455503844
-2214.1097287746315,-409.4858234700234,3875.847462566629
-2156.395717360508,-274.11222429983616,3069.385492842435
-1244.5614412319628,289.3856853868586,3475.1337478626624
-1950.521301275835,-451.2796400419998,4244.598833415614
-2247.169666162086,-238.7423200192984,2935.6966047283713
-2167.7099463162685,45.47485801420237,3100.1050418064674
-2873.239800531893,2.9511320447666023,3852.300841406466
-2585.3747690163973,212.0791162420317,3940.860154651765
-2959.131128971319,-315.7406669770375,3606.265477035091
-2974.96087302369,-110.7976358503202,3170.0771206213803
-1686.770033884422,-581.1110390010663,3445.7559893123357
-2173.3531391518945,768.3590637381536,3598.36436172742
-2319.1606109499608,443.7285989539026,3300.2736105798667
-2591.0856938615293,-359.32218843337836,3036.7641503179525
-1823.5165417577232,-908.0345547076387,3338.2179275881745
-1383.4423130694574,-334.60158850558844,3722.3185071303196
-2893.707896727523,-220.42948921662787,3121.613707398501
-2246.11718281724,-520.949660084376,3015.274399748026
-2339.934657488822,145.14954006331803,2557.5404490055043
-1884.9868335113176,479.3841202615408,3145.6212850518546
-1672.104557543228,-250.70127612568393,4073.055699310051
-2815.7209310484805,657.6485800690546,3388.7080328423826
-1941.1860284143668,-212.93862881484228,2803.4035071662215
-2676.174389711723,-582.6906017875389,3640.8422372071486
-2060.011722093319,168.3018274364918,4366.27750421519
-2757.0780341021327,153.43944622713624,4194.085470971225
-1416.724937487359,336.33808853964763,3444.523201743599
-2039.381033170008,-18.774035801039535,3038.1723489724054
-2082.5692129873637,109.16833642067125,3135.502886776134
-2336.586305542946,316.07822471641487,2759.774875598341
-2429.1927717648423,234.2749015943637,3373.7154811432392
-2418.570589210645,219.43330971310448,3959.508225196681
-1691.4936616538225,161.57807826882166,4111.647770278756
-2306.1560774237732,691.0447415055412,4020.5021365410385
-2122.2648830024127,298.6737160307849,3608.541762089584
-1595.9413182027279,-304.3329558919896,3780.533226231471
-2558.044177676289,-387.4934053929988,3405.0873747222017
-3132.273718407751,220.5254599082509,3522.407826462419
-2803.714453798355,-385.1504862560096,3593.021725042601
-1692.1742986568552,-5.7555168843790305,3092.981972139851
-2609.1574179642284,-137.54129044983543,2842.1777871484487
-2078.0227996101794,100.81514255101709,4340.3350875516535
-2155.471433610084,-475.5929765859439,4004.7577193364523
-1448.0939773753446,-206.48273551096975,3341.3796576739815
-1784.8306932581654,225.58313453705514,3411.018877430002
-2155.3212222933425,163.39984166466337,2573.8737794893227
-1825.010642427217,237.8021747892931,3350.0920184795095
-2692.429549995952,-685.3430762812112,3450.64730549563
-2583.1551091452816,-113.35030804410184,4039.1713978119005
-2708.126084460281,379.9955542920208,3562.9952444245696
-1969.2434477035413,262.2132072911012,3029.1153645266427
-1265.7206113668944,56.500116849866885,3402.6858875336734
-1977.6309039155597,-415.4718689825585,3725.849671022361
-2026.6355776289279,-79.43148236730524,2859.2694313084367
-1605.495241906249,-718.14628994938,3826.13610872057
-2574.4888629344705,608.0910885224373,2761.570237756635
-1732.8388233138087,747.2860941408524,3907.2614639841013
-2305.7777929659196,422.81868293530067,2569.0097798963234
-2325.3038834830063,-657.4218056781791,3900.1415356292814
-2546.235398455247,848.9569175252835,3180.622702423372
-1838.6727199265079,274.68463427958636,3102.2965837788274
-1970.319276311445,-175.7041288636483,2951.1483940327566
-2783.3534638002197,714.2218073202953,3393.565529543174
-2499.4540099314722,-268.16320278252715,2792.36045703438
-2739.7040131241865,759.9910560020855,3170.092206355668
-1351.9699374663878,129.73172301001856,3194.4060076902388
-1979.7031681682852,-163.31602184917892,3949.468139688655
-2068.2879844592044,468.09651561600197,3969.3216704847964
-1931.9130998258602,-568.8108248865955,3922.90604098751
-2567.304887102337,-176.80411479667814,3793.0564799687772
-2141.8892402380966,-773.063638690501,3778.0634386673096
-2139.007758131587,5.710910481293574,2739.0600125728174
-2313.573305871975,454.191691117237,3709.141979618266
-2966.6516437914406,254.79296584245503,3617.1871197536016
-2111.7034151396356,377.7036514731944,3467.2125598699613
-2473.7686673827307,-691.0536581253743,3052.9731348055407
-1309.9328178298401,-85.78037840935649,3046.5614308394834
-2051.661362693352,-497.65308216850457,2929.0700806468494
-1457.5122179155592,-323.80961438553027,3552.1319020915084
-2437.764328946979,785.2722826277065,3347.0697975373964
-2799.139600870647,-469.90610565883316,3862.965887335755
-1326.2703047871787,-423.43242012579327,3681.0338356748753
-2902.3992342303877,217.8481364235947,3426.4496277526177
-2791.596595376409,-640.3659523887848,3276.058938958283
-2666.8351288714052,-281.6516583509583,3112.5850175503074
-1969.6816352427902,-614.3700810651542,3989.260301988401
-1403.6769699648207,32.890210933650636,3479.701463979842
-2529.467500009592,-475.77391337051057,3782.3567059222414
-1697.8658220605985,24.266867161582883,3315.7510506485196
-2367.6827511945357,212.07374855027038,3029.6643111644476
-1646.2310949345056,-402.4715178471747,2819.180171444778
-1567.0368858522843,294.6216010527909,3626.6247431824
-2014.495219246092,-413.9423877137522,3636.699550663209
-1288.0803171745451,34.68551995886937,3048.768438244002
-2219.356231604301,103.63386033464207,3205.87120858975
-2148.8258828393,-553.587858992251,3847.261106529736
-1596.1374962091,-666.5361893008948,3491.1711130393273
-2361.3415604216025,503.1842454772759,3442.7361241718268
-2493.4180144494503,-440.6024131655042,3092.7210899595766
-1628.1444574637803,-130.03376064588102,3443.3325996398794
-2035.1963771543578,776.7533634161348,3774.948939987464
-2604.7578192158594,-677.9944686006259,2960.324252810804
-2204.3396589329273,626.3984276924792,3902.8314470314976
-1598.6953657276194,146.9303532377615,4241.609043487791
-2324.3854301775114,-458.8531006103276,3379.629053116263
-3013.482801795151,-2.1929993235318967,3391.7032552073883
-2565.6204109327846,853.7095363985983,3794.073625793575
-2924.633776908888,303.89672721633156,3455.13291978452
-2733.685251219642,-27.976488701493274,4084.7092466105687
-1724.5366230878133,-241.58336173628126,3935.6678193840908
-2347.199853121933,-432.66806841094007,4267.06399903232
-1628.15228659279,-71.2071590367045,3094.312385238184
-2732.857275028609,504.9919903550819,3001.1929210431517
-1535.1903262786273,-220.19736202277196,2734.4733465141153
-2808.381427312208,-309.5037670379406,3110.631351161512
-2267.4107023594565,756.328493910381,3475.393488002331
-2392.5510495054805,-575.6067854407405,2963.926279231948
-2299.8159556132423,741.2900723741669,2798.9800736238712
-2789.963621995074,-44.538870765645996,3152.6085987209135
-1859.5855277784221,-299.8489774743769,2866.8977136833428
-2115.769839197286,455.4732075771639,2742.8057920496926
-1932.0424233034892,671.5565843690405,3311.7516815445542
-1373.1487292389702,-57.42272716448138,2868.7608911030497
-1647.0442677014412,179.07333566098725,4149.196645019992
-1576.7124375887524,-51.235275233119104,3504.2254298286834
-2619.7099368123127,-177.67130206021432,4106.418965813942
-2727.2518906116534,-234.65134947417533,3783.384523377178
-2135.3635713916997,-26.431012673238552,2764.0256010753556
-1819.6655178933536,-98.91883517143185,3749.522204527377
-2161.9542872958177,248.51004319314197,2510.976769603435
-2185.6473117501205,-110.69018288663956,2639.501095643401
-1892.2238479263863,484.13680021288565,3775.9662865903924
-2931.4644973411614,102.88105940190162,4088.0403100882418
-1427.5317468871103,146.92903638133802,3914.049623306687
-1771.1159786373858,34.57457768244821,3796.272457800115
-2446.635083872531,-449.8423808602925,3861.423592029092
-2041.6179809531727,-138.9863834334224,3918.829918861316
-2072.1842034875467,555.5231541690202,3001.654671149366
-2586.9919798839087,442.98143164982883,3751.231373704507
-1506.634004642965,234.13741266561195,3573.08764385771
-2825.9772838605113,415.6764003250602,3430.2923942406856
-1888.927321246572,131.89225152052674,4286.955898392651
-1423.9142540780567,11.140404314675667,3728.6284849620774
-2106.130997814194,-248.67914884025578,2842.2257093515623
-1516.2140946909894,33.09498310513126,3519.5851525544645
-1924.3488077116062,893.1940295174044,3137.6374517800755
-2932.2044569868353,-253.38112344935126,3577.810580041122
-2817.223511739798,204.5724126930417,4143.632531981129
-1777.1479484388271,-482.3993746444786,3103.690471822354
-1998.4183537245326,223.73124551196577,3491.304984816413
-2995.2919577167854,209.7737211248054,2957.635127170096
-2070.6261615925027,49.205633349582726,4120.434802543474
-2950.8181005013566,-24.31034594142112,3047.3099091073987
-2124.738177915361,-688.7635977581446,3048.4630216638648
-2394.2743143211565,-491.8657627358565,2972.7171963916867
-2717.964141343372,-225.13315989192373,4119.9846976392455
-2579.9296640963908,677.2779877371588,3606.5911908785797
-1735.5835980850775,116.79175573180433,4148.184698739996
-2208.227556040153,-726.128129136868,3049.7723709628267
-2213.9928428684166,733.5780174113982,2976.3602644698003
-2005.4759752124726,-498.77363178925503,2692.9758514870537
-1988.4023659557606,-276.48910735914535,2928.5763242611856
-1834.237968212231,65.631397555455,4187.516834579359
-2480.7843946730204,841.8548940237565,3351.0976523612644
-1623.273686170226,241.574655925072,3213.0435106492914
-2108.191044754998,-210.26497658688825,3725.508521585317
-1655.2617516029482,-735.517164919496,3181.700028931852
-2337.0200961932674,-513.7666414823823,3450.562064054962
-2802.7657815821076,-159.97680804604198,3115.7392416996213
-2969.081299856661,-172.02476715060655,4007.153359799004
-1700.5823865134237,124.78140205173727,3661.924968447289
-2704.498902114581,-288.9434132812361,3917.727608772688
-2002.1373551541565,30.88149165060239,3334.6567823466976
-2319.9233309216916,-284.12441243569833,2561.6372576250214
-2172.0710932971488,729.882504316513,3574.7031533179625
-1797.733627946461,487.6788911753449,2818.98603043379
-2275.353872963677,469.00328946760703,3239.3352700429377
-2365.6850505139073,361.15100993154135,4233.85426627121
-2872.2017146748635,29.800959993549814,3180.5178427541846
-2131.909974309003,285.2333627775465,3853.354272963045
-2060.3801980550443,-251.2172913583326,4022.8012266089363
-2332.773797575573,-753.2166059033782,3618.7485904268174
-2049.499476595008,-242.1081297030061,2941.38728573651
-3020.452545316611,174.61229067555672,3259.217793158757
-2232.6570158716586,227.1896072322912,4051.494099340369
-2909.0172653895524,-239.14782156738522,3667.9705710817225
-1559.5928351176335,399.3387303705624,4065.5648333280524
-3003.417457266353,427.8455732097926,3661.720510858582
-2185.532073386845,-366.6218218751398,3582.3995571559567
-2342.063220996404,-212.8640836742579,3474.4279508211303
-2900.978718222882,-247.23515252558138,3870.5463432053452
-2237.268259519197,-264.97004228887323,3901.1716157217807
-1493.1367327666412,221.58368146487152,4024.359450404374
-1571.5309516677078,55.98767925182102,2803.1659436512323
-1882.287255737741,-32.881461133589255,4295.75572258986
-2204.062095373337,-794.3041284990367,3309.676973673801
-3040.3559567109173,407.9962022893784,3595.413603556127
-1335.8619612321693,269.0669779164394,3257.705347947502
-2341.407722666024,905.9731598668011,3790.2435121781036
-2090.295549940403,-284.2049493079961,3680.732572262388
-1753.7931108245036,643.7620714852108,3719.5125140812365
-2121.3056546483454,379.8738057330828,2595.3384029180934
-2283.7103475276517,419.9406735892421,2687.8439496898454
-1505.4296832993823,-308.7533999408372,2909.821921183977
-2740.8211176229297,23.116379959260414,2917.123384553609
-2767.505785172066,135.59639341353335,3481.978661749564
-2227.655289319328,-693.820346942918,2856.453336038747
-2095.674087995861,814.4061282870858,3000.292412063083
-2802.508627795196,-482.74833516236805,3852.9274270627293
-2345.6904593591075,-164.44480356705205,2804.8721322233328
-1996.804506390572,-737.9501873106333,2822.362203588588
-1645.7858299829677,578.8362754322911,3910.585395335198
-2443.686681422366,-210.9164088586324,2822.722518032914
-1987.2364830410415,424.78087291679367,3056.0606667596835
-2836.6444232116746,541.5239702895267,3862.4138228082347
-2963.199681739887,501.2639390673006,3359.6989834595784
-2300.24484168049,-148.89637021638703,2756.2742294467607
-1950.3812229340172,-11.20217448269134,4375.944862423345
-2433.1665170903952,-114.05549468652242,4308.122460074368
-2265.74781060933,303.7959542576405,2953.504020510415
-2148.9856891735776,-472.83097919444384,4077.4611380969723
-1800.2300199462506,-347.0503432302094,2917.161329672578
-1611.6376698314702,634.6770853538408,2962.1565211800207
-1790.1569645727955,68.56851409459841,4233.568901039485
-1942.7974299967138,-232.03551974775218,3189.922188206295
-2627.684946675844,487.9316629957464,3201.73317654572
-1612.3922283724833,274.6321900412694,3145.8970005270317
-2340.7918509967753,79.46881960212515,3839.835204843896
-2824.9166806009007,-378.0735993498303,3647.632270913119
-2272.505105999322,384.9472903704858,3760.469863948227
-2603.817350657035,303.2626218717422,4128.477435401585
-2127.054117853463,-51.98077684157898,4091.8395061965316
-2425.780766122717,142.8591395908967,4195.2136773726215
-2418.810989253139,550.0814330348862,4102.430688872744
-2805.5079381889973,-420.76670226372136,2833.2838006724073
-1634.3613996119102,304.45209652033344,4066.3780756416204
-2730.727630750338,102.02888441146207,2662.9577932620996
-2248.0203163529272,362.21375647902755,3655.0679049045048
-1981.092755324207,-326.5757467818853,3780.006111108814
-2342.8324622698156,338.6491825085689,3771.4938462300797
-2529.754382221006,513.6563008875817,3733.540848968031
-2038.7419508417513,304.59165387380074,2742.1240476605662
-2759.873172983711,249.97110774219865,4152.164927465132
-1801.498785608072,-358.2541719306658,2950.0595731952317
-2420.2878304261762,-856.9388950264023,3398.317154483843
-2443.4927334082163,256.9807272010589,2782.7729006898007
-1697.3841613067102,683.256797199288,3529.107434042556
-1898.0837653707708,795.4081657612097,3964.2548353076077
-2580.227203230816,827.1769582159934,3273.677117168102
-2003.41296976898,582.9704599693408,3193.960834095513
-2985.000489491484,564.853836494442,3544.7312490875656
-2005.4293230114174,250.71066251448525,3329.2812162267805
-1449.21592729861,181.23909669087544,3406.6780915357867
-2637.088896819053,772.9867736042264,3161.3923785937395
-1780.007062888127,800.4607400801947,3717.6437373983163
-1628.8632180403633,-64.07453406056263,3987.896101316802
-1653.4475186127472,358.31252269268487,3026.5884110413094
-2991.2349720075554,-388.4147692260633,3187.062548563361
-2267.1204773033273,554.5289681777423,2803.0161082092836
-2524.173415074286,-145.24149742968052,3937.744315056777
-2041.3546354781693,-115.65995681547791,2683.425228821825
-2271.818400515015,-109.07129422698736,3154.5626075880114
-2377.781049003004,656.6233063523313,3235.560716772173
-1531.8238310124145,-551.9715363470357,2970.667286555034
-1696.495834163064,-46.52895989287309,2706.565678775457
-1882.4427488066422,-595.4610376450651,2886.5395502024235
-1895.5797116204062,-815.1725096562816,3657.2918794766047
-1935.623015038392,-91.1758274109311,4306.168494769179
-1992.311188123153,-963.6064252878284,3411.133205187757
-1346.4551220001479,225.52839996330354,3115.107110084933
-2840.754268559724,178.34971631927576,3257.1917322320746
-2150.76356804266,-396.4014409796674,2879.430794367187
-1974.294535230811,110.30229183282626,4089.683698749942
-2921.9412682827124,433.1042661136717,3361.4879843805516
-2145.0575804737987,-30.235110466477533,4009.994550960537
-1599.1718521964071,-567.5217646553361,2944.6865612599804
-2498.0310423242095,-80.5754539849346,2707.5671305540272
-1684.6343735787016,-451.54108372584824,3181.5199424412453
-2662.8239822481723,-9.372294139739168,3887.244867423295
-1374.4651633793471,-464.48423072774546,3785.8094225829846
-2548.9688763307904,616.6556726062811,2786.642776102827
-2835.756629303832,-303.0525812816638,3990.5087520912666
-2376.743834318926,811.1990153966677,3270.7379017062817
-2201.5963074923884,-56.92239576418068,2807.273555898844
-2002.1401567862442,25.0006765786015,3205.1136380157013
-1659.0826067419537,-770.5693945381014,3230.8724250545947
-2603.2557402582274,-165.83472020156665,3403.7995633950754
-1903.0567022009407,-309.1836784955375,3433.10668125266
-2580.545608130534,523.6331731338888,3324.621556865539
-1586.4680443121924,-93.76537630915038,4054.5320822725107
-1274.066541620056,71.78131454860281,3149.2406452445443
-1276.8232671646142,-72.6593326418672,3248.691030025693
-1537.81051016616,-228.57404819216632,2802.1573259317342
-2636.89578754498,16.68084357498989,3690.9210624139796
-2471.464566213738,-52.653351545073335,3441.1265879862326
-1913.970457887236,402.07182821127805,3422.6520558731777
-2603.9424587517387,601.126138372166,3280.3791569971063
-2313.569947030115,-856.9194697265723,3704.6310454955965
-1621.65511869245,478.3512207921294,3067.889332870394
-1749.4061770498874,198.3068820440028,3413.352934744276
-1356.445996900009,164.70244691565262,3689.561573453781
-1882.6492679043286,-140.82478098962125,3670.1433330416257
-2421.7960027953204,-560.2917393145765,2803.5672965830613
-1320.2088361005506,-239.66461909473136,3589.2621070805753
-2470.222804921371,-361.3614950977606,3803.6172453947934
-2462.50811237627,-313.6225781849684,2971.482956066989
-2890.3790742687256,40.34707968842799,2929.8378800125315
-2280.774071927267,738.4536610350816,3122.38795523529
-2791.7252878974696,519.8216466348149,3748.5064199612166
-2698.112919256772,476.899388270974,2829.2454209289735
-1449.8539830785785,239.64504275087296,3312.9301578305044
-2203.9594823119546,161.16100115953458,2859.964927763078
-2007.2923576055864,919.6161482111736,3260.8632805832963
-2442.5893969982635,15.32936195549972,2978.6054470685763
-2513.1373018548275,-634.7942793440593,3732.2128498918782
-1995.9017979883668,332.7522116715724,3422.9549242539383
-2528.385810167123,-113.77622396523313,3086.217517257393
-2496.9532340599644,208.4724190303029,3682.215282996393
-1594.0596808559822,-554.5620566654939,3970.1805560762796
-1878.5833339144963,-719.8909663849928,3436.6243131876436
-2299.7017339893505,-4.074303959270775,3809.6438201683823
-2829.566021962018,347.5443575094248,3960.6559609793085
-2953.896851372712,-342.9542854722159,3547.386729706541
-2095.1598320056737,-399.5697224044248,2946.4927640723427
-2411.635599569083,378.49438938335925,3898.9828483279766
-2735.2322254516303,-109.60454603473568,3931.52558206888
-1409.1551610722026,-404.559669977766,3133.898377019452
-2853.823903063684,-473.4840879081261,3724.4586337467235
-1532.4693529826602,-136.0366964796609,3297.1982834578084
-2974.264427252333,-522.0340867093416,3299.4024267599625
-1801.8667481277819,477.69559996864166,4127.034137269958
-1335.2044754248586,-365.2183490128751,3334.1715577752857
-1580.1394866813266,560.5504331334705,2962.940654093473
-1384.5963160559095,531.9614650980861,3715.756577241857
-1518.589263602259,212.85055000296805,2731.959691800577
-2061.4383864355905,169.6333511285637,4286.114610039442
-1632.9128634866174,-103.18360145161165,3199.8824950354438
-2957.384988596633,254.47663453949198,2992.470077592733
-2388.685561235161,50.093514245757916,3050.433977798447
-2431.9165123506987,12.98989297222608,2884.8932744381696
-1491.424084371638,-192.51634818636987,3945.9964086109785
-2543.2090036921077,379.08894630038856,3623.4301648278006
-2807.7299701700726,-193.90168070540304,2856.4073430690173
-2659.9260187603404,675.2337763117184,3954.218603834707
-2672.270859191115,526.0383935291833,3925.2842600106183
-2502.606117488921,-620.5166676590679,3311.7014223702854
-2275.727443315527,-285.11583103402404,2869.7016847898312
-2273.686578086064,532.0955642772414,3837.0920609926106
-2019.222446279793,824.2589843405108,3529.2272014705636
-2315.9824208328528,308.638023808399,3293.9671108856073
-1978.6301142951704,-711.7288310120151,3678.1128734341455
-2156.033626940967,-550.669201071742,4274.7755350333155
-2360.32966445829,-85.85992450440472,3664.706995797503
-1978.977348499459,24.797350938909002,3972.3948744990694
-1201.6990519204219,-43.908496390370644,3542.113835264122
-1904.7055352658258,425.42900270288976,2727.2101295120806
-2571.95055239394,-607.4500685183422,4029.008871168433
-2292.7474587597394,99.50654718909968,3008.4188326936114
-2368.7239086252357,-780.7918950102435,3281.0024066166793
-1555.8465404575368,-450.65187559420264,2830.6745047859617
-2677.800128698859,52.10212037318396,4132.737100882354
-2113.5858615005877,-362.2995026820623,2987.5542778685863
-2630.3944214681724,-258.94365264404007,3406.73503960608
-2588.2946224328216,-67.01068902249708,2658.5599429277618
-1379.647788842265,-9.163066493437455,3871.9894004330536
-1826.816068708762,-388.8552625008943,3244.390207216603
-3085.7342254922714,-123.66268303881655,3086.0092538988483
-2411.766428039559,-641.1938713735182,2968.417823406783
-1882.032123473759,-332.43123973972064,3787.4628956607685
-2078.633447015214,619.2495383977744,3174.920236301666
-2803.748774264447,-251.40456767875997,3104.9038322669426
-2629.3274891775204,800.2812405999778,3416.856804653033
-1792.4675625434675,627.4761435836491,4106.8913355522545
-1659.660666568996,233.7356260092407,4031.052225782364
-2341.6675617181936,677.5463387542593,3166.5862067188227
-1684.0797745129921,165.0845744922642,3376.108483145877
-2294.4314160116137,-254.14268055375544,3565.35567939704
-2697.93296177785,688.1229529224294,3910.1769040132285
-1782.498937732515,148.63996119043497,3738.8739221862484
-2267.169520885466,-486.58406298307267,3890.7233389553376
-1289.6501102842283,-140.3469718248287,3155.062354078165
-2460.034910033806,-624.152433696715,3329.716919166111
-2229.8105318221897,158.90540660365193,2543.5139799143826
-2246.1425824027688,25.937137444586256,2901.7839118765496
-2618.4509456132528,-251.10561364596995,3516.4801791279447
-2103.0543508230344,459.4424692188479,3116.905853230618
-2882.1964854754237,-291.5655769705179,3116.849475567003
-1846.3177226707019,442.1950891178876,2792.575701636417
-2177.002542754277,-683.7190631791956,3288.6344451239393
-2377.7393996793144,618.7173261279266,3783.2328802574457
-2778.054276975323,474.82439669308894,2912.798523527893
-1984.9823011735918,196.37137464777464,3730.0484752045213
-2940.579635714961,61.790621555330105,3595.9871844122986
-2173.958124732071,-221.92921331144166,2682.0153509687684
-1845.0431524948362,65.1027583081909,2532.4772207138367
-2043.0823573672087,-95.39468756221225,2535.2360920513693
-3042.9589701649725,279.5778628555836,3505.84717198059
-1809.9464573978694,-441.9946791814313,3647.9528581171767
-1311.0231449949201,-340.6667346947385,3412.2334766327817
-2566.6954147521824,155.0447925894769,2797.847886587303
-2325.5490408109445,45.862407876877676,2967.2766945831145
-2599.0052257761577,176.4830602814884,3574.8089463605925
-3007.0554775212086,-476.4042917932878,3516.6106970798255
-2242.213339472068,-168.94184150842227,4259.787884678935
-2107.8846920088063,-262.36182094848283,3361.455223850339
-2179.4438171189026,350.1190349742416,3927.2764819082654
-2736.6226238462505,-596.3173814009757,2940.7759112590797
-2262.3063147124158,60.90234280080509,4222.858004906553
-1859.1593792279348,444.76067190919275,2919.220147397935
-2736.3572583234313,237.62112281147685,3417.6337714187307
-2588.6558174711877,-211.95613424562154,3579.3460435901675
-2826.238257285314,124.03013056281597,4021.287326370064
-1969.513916740773,676.1175089532694,3448.2307421453697
-2397.9628495954835,198.59906877459775,2524.0518576214245
-1934.2983177024062,387.12335621323126,2563.76876253016
-2891.3551905160957,-199.15722800713232,3499.650231553407
-2211.0945572059795,430.5769745485133,3520.4170263383994
-2381.099003185298,-245.26522955902897,2932.999865344243
-2069.9534599375556,382.35007056301515,2623.1293368488323
-2426.816589761886,-126.34814874089795,3355.944655828478
-2473.9687729212014,252.42931908637135,3159.2269757950244
-1886.0124477113777,648.0702587235525,2819.770029412704
-2744.81911596268,809.7495422832703,3495.891172803243
-3045.3422142651125,-309.98159933047776,3049.9268377945723
-1968.7600997797217,571.1388711231908,2982.3047393425177
-2400.8931826181147,-247.00389717083658,4093.569491206129
-2198.600089330799,-586.2337038898336,2912.8957691659384
-2314.3175284358326,-25.722467261638293,3426.989191411916
-2274.910448948855,-552.3037698645048,3616.4320263984587
-2591.813436784935,-603.1420305964783,3340.7472925726324
-2254.5947072080317,106.23791338015742,4278.342751620093
-2397.2875022875737,-11.918104462466772,3342.8837879368643
-2730.820955048289,-310.84849220764755,3434.993053244344
-2234.064730152382,353.79400128211546,4035.7642111399737
-1560.152563076936,472.55553824562304,3099.5848691489477
-2116.556302716965,-819.657233471713,3714.4301293059966
-2271.1850916519547,-564.9110636138369,3313.3188341485875
-2257.3305684238635,490.8149992106323,3139.7501815037112
-2623.744857259956,24.674499993981414,2893.396202295755
-3049.3050027857053,-297.1454801579032,3705.103281464537
-1403.741996512926,327.0975806958223,2951.9078568117443
-1608.843066927842,486.44622470426003,2846.2709416894104
-1694.7841740481308,21.336783929753356,3452.3945366377907
-2725.067720644671,-441.94803286930596,4152.237481791042
-1798.5416752487527,-656.4746546208977,3273.203016161246
-2538.603086887071,540.6047040287687,3387.966216868505
-2485.6371086697745,56.90357976671967,4323.854961922492
-1748.0975863254264,-480.2585625966387,3375.7477585919714
-2305.891796994389,583.0066369694542,3522.5451632633867
-1483.2985137182723,-73.66846157205575,3663.8042813548946
-1719.5516992220357,373.10101589118403,3591.8194144059353
-2321.5786814183466,-35.23595449655659,3538.2460644923485
-2164.3562815069704,5.211623525877229,3478.590835801528
-1868.5885956921502,-28.96015220124637,2517.5708935528287
-2312.882469575656,-415.7306688934015,3256.897455362616
-2643.5305589562,755.3218829725794,3201.0671125114404
-2261.715208959352,-347.5604322445598,4160.172166360307
-2555.8075092021254,-629.2304551541425,3890.426590695633
-2229.5131488431434,-281.3559726595396,3740.1261121663974
-2172.5709160567462,-679.9140863861468,2767.2569372179023
-1487.498085075816,642.1236640937656,3582.725192152086
-1857.1775919403256,638.7314108838304,3107.6073241042914
-2284.798813765011,272.6379707183826,3660.527115703167
-1455.7665972649838,-4.657711335723125,3572.711035987104
-1617.4361350353438,502.84984474658944,4089.2876751182307
-2716.5438369627573,353.31042074479234,3937.6624633907
-1806.1571988945739,-71.32056091746364,3738.767534012909
-2438.8942435137446,-696.3834637902462,2816.735025502623
-2053.2852217374134,-304.5794477126345,3433.406616186058
-2826.7302644287165,311.79903317080226,3036.1843894910485
-1935.1952236127422,590.9759210268581,4117.7608545471385
-1292.057261651549,-162.29992174875196,3446.527308182408
-2008.9859686340556,-301.5541742073835,3021.5106709538923
-1812.3694078133008,-177.72377748074496,2878.43486444271
-2091.127219256651,-355.14188615530975,3507.028657310393
-2622.6149448115398,-300.68293797405545,2832.341002489365
-2031.55274114732,-174.6361409162449,4304.953414943417
-1876.3530542937933,515.0434297931926,2944.256028768302
-1281.1985969317152,-20.545882089265888,3137.6545099095783
-2186.0251147647195,-394.0301315598744,2600.3940387384046
-1953.9895940510492,-237.31923772426012,3417.6588084086084
-2879.727015860582,122.98716126732634,4048.967103874982
-1726.312253014406,193.88458681449805,3724.411740902992
-1835.6454863450392,562.8354442208558,3373.87175497675
-1544.0043667766968,-349.6299568404653,3665.929751438998
-1989.8880955842365,-27.95713778733777,3153.806230658266
-2874.568627791942,-368.5754389700371,3657.242179469513
-1798.9652357397133,153.87963616764245,4132.874302091363
-2650.558756596742,-91.14731634344109,4018.2018760096457
-2744.905521023689,-145.79683749899442,2753.008261298115
-2897.845908381387,-53.18930352022511,3282.754556260222
-2630.1157967499407,229.90100243399914,3719.931528103648
-2121.671179113934,-943.0325093993695,3345.961295654595
-2428.820949656881,519.7043807038826,2653.968030404154
-2552.9175468301255,828.2392637286349,3349.954391491987
-2303.629137075281,816.7640514007539,3118.5002450472616
-2800.3825050556325,26.34879467273521,3101.3559351149556
-2152.3887683054545,39.43899075344515,3188.604178916666
-1599.4651869456561,156.336156424695,2941.819944253736
-2687.211997318986,-649.161711028754,3866.2033963609715
-2116.2563898109966,378.815605180848,4026.966570574225
-2479.8841704502684,236.326335397286,2761.9425028074775
-2417.703953194113,-381.1030294308475,4202.1337992267
-2282.8011615794644,442.22908744110214,4165.049623452144
-2863.7929339418356,-511.0532804240102,3788.396733424465
-1786.2831850568655,421.4202531256288,2977.05369274247
-2155.9912156219016,634.6878719418352,2894.864426195951
-2366.9928672355218,-273.7290778459771,4081.646176039434
-2148.442051439487,-686.9163827577473,4100.739805258378
-2249.061338346195,259.5238869057499,2657.0613802010894
-3040.910173515962,-484.62666554613867,3531.914437500666
-1390.8707742966849,-375.74860366752193,3364.6717259951397
-1975.2051193718762,688.3984259472742,3372.082520225346
-1945.763716862888,-339.1776341426076,3712.147054635141
-1866.2077626981363,-398.1904456700369,3692.7846571816044
-2746.3680104181167,531.6932439541536,2998.8209045681388
-2244.082093745076,-704.5081288584889,3838.311155188273
-1865.0980640954997,550.8611711825683,3818.9091339201486
-1608.9031399187743,284.8192532087297,2867.599794809593
-2477.52689927146,-614.7659782265929,4169.963444427231
-2473.062596766198,-600.7775202827959,3718.7228463001093
-2678.302201382749,160.1481660146722,4197.835836171808
-2917.0478330026026,-333.4607435749142,3486.0928509105966
-3063.867801550623,-85.3866982339122,3871.3264090507746
-2015.5275420750818,-118.31086491120146,3979.2973140525137
-2650.273809928999,381.08129936867385,4049.3493223167743
-1677.1747883201685,309.50366669344163,4064.975633935285
-1720.1368964613682,308.0150595806992,3863.3415967567184
-2458.3507837165234,924.5090097375593,3465.957447869761
-2797.4192323641064,-414.9483712180406,3969.923591636847
-1837.7845804320891,755.2532705056026,2955.302538570179
-2404.234687508536,-269.6835689559376,2856.6527060560475
-2601.1069188575357,249.79554708059393,3400.7952550013574
-3140.0016459715057,-203.88001138557766,3522.356836651871
-2949.013518835801,-381.603658754329,3325.7128055459775
-1384.4581372150951,-28.51890959481551,4035.4740658051187
-1426.1593989095545,134.36815173406646,3931.4619166838693
-1293.7911708642691,-72.31452068455502,3117.412853062948
-2388.877781792787,654.4339172501079,3749.2174933975243
-2139.111310110845,-157.05533122566263,2785.5957283503385
-2015.4219962170753,-422.7434495305129,3037.0768000793137
-2364.795506009953,-148.93179002948466,3490.154501271413
-2695.542485348284,849.8212567421142,3424.230574800602
-2296.349075493429,380.31537738284806,3398.897539906441
-1558.875609664477,-675.2784435754315,3196.2337397040014
-1484.2978501733705,-157.8908855469474,3059.3239738663215
-2650.6191490914384,-683.8949673309602,3848.164628014839
-1878.823642779043,450.6670979082772,4130.931171946755
-1836.3326649634212,525.938326908995,3152.145799867828
-2109.02288271028,615.4059670204401,3532.196201974295
-1876.9540784303244,324.1110248356342,3190.981791837206
-1870.9935533271266,267.2004266925403,3333.392306572009
-2646.455277511108,364.40543056919415,3568.610477902006
-1747.3709244346483,133.83963039724466,4157.461278796801
-2882.9747939044846,236.69709236603387,2948.601649985739
-2755.8707253377065,-493.12661384277857,3587.735654740294
-1960.237240578153,-75.51507670567803,2992.4957972672546
-2240.416167844261,-614.7215142462259,3191.1564800838573
-1882.4839815036007,216.61592786073493,4145.177497993215
-2085.8777021670235,254.56333184151748,4320.048866146683
-2896.2450282379687,288.536464463093,3068.7995805899213
-1823.9728112673206,780.6647158818994,3087.6728208359714
-2555.4193811919695,599.7867886223704,3828.143927802915
-2684.8658208993697,468.91603735370336,3038.1068245604074
-1706.1867069905757,212.22069939997246,3163.7198144881604
-2301.692043525725,-134.94376566101928,3615.9543430229724
-2443.4174418370244,633.6056962741856,3618.4966358640645
-1358.794044795483,-92.7052285156953,3687.20278064257
-2537.6041594604835,447.05536475528794,2958.337907601651
-2880.0742037965992,-326.3189752527933,3666.9284389133013
-2200.453648319063,-276.335193679262,3311.164002223266
-2425.449566684342,283.5572530502985,4006.1716300197886
-1938.282207426029,486.7534392284192,4101.534061330589
-1262.359285820759,67.58778686587385,3390.595523790395
-2908.018231122638,-625.5774216815953,3480.790892203912
-2622.987451906188,205.29031408324494,2765.7564199676294
-1625.8870814093077,-314.76567287134793,3902.1951430236563
-1852.5903070600511,375.54865308582606,2683.900119802969
-2349.119482695399,-421.90172765849,2603.622371782906
-2278.674857084484,-574.220792085769,4040.7869941858567
-1961.0259517316954,644.1214540895932,3455.3816650697568
-1557.5951140073225,110.00675486269395,3938.873439892569
-2015.8540252536534,897.8816118190603,3767.624347907942
-1630.258548475097,-145.64020388355337,4051.2919513133656
-1928.6679068669307,-499.93324641484446,3270.9521307016835
-2417.4818451688525,765.475553888701,3065.673429599152
-2193.792565767552,19.209347265722876,4075.1579761530693
-1601.1932153933656,30.593045098633365,3478.144330573767
-1877.3582707717512,-636.1480342968307,4056.32193084184
-2573.8857636076627,720.7673950615945,3490.9801953363212
-1707.0205184946942,-405.60543367868183,3454.945357518045
-2318.5974808351502,-118.70085816083353,3083.4505735390494
-2504.0525685183798,29.11151939622414,3466.301348969643
-2480.8895531415073,-597.1396680463155,2940.082056904327
-1870.4775195779098,-241.59254178546786,3923.1842002980316
-2175.0240485371623,-475.21296293521107,2862.819611543704
-2075.567456079123,-284.5239641765378,2613.3864646464954
-1991.50027134004,-761.5847100283854,3780.222848140711
-2410.2676426090734,866.3210236640855,3231.1928289516827
-2653.1769218592417,251.70418613798827,4231.633796541958
-2196.9750981272377,-236.29778460925178,4092.8364861151076
-2734.2583674917323,73.2384304927951,3965.5885053108927
-2070.737870805018,-784.434073465007,3543.6971963223136
-2395.232756122393,552.7226800792259,3859.9386680415014
-1662.098316564462,-421.59448948174514,2713.071655848974
-1815.2500307358841,-510.0705933503793,3131.8712056869763
-1940.607153517019,-581.3672508288658,3433.829327971311
-2451.796547669063,563.9386669984825,3009.486572627658
-2875.453808614787,114.60278186546269,2830.129527813154
-1869.5314787267985,475.21368912592135,4013.2154409883315
-2017.9534555404748,872.5708374617866,3095.8216424602456
-2217.0629065672556,-179.08212726747274,3656.8750900339987
-2145.597153602124,-392.2579658644567,2977.9321253368307
-1672.7964893581106,-656.7974333434768,3129.4695109881914
-1903.5671090701512,-30.2975073101468,3256.382890317944
-2818.1712032712107,-524.5138942090639,3357.147306165593
-2513.168957712666,432.03672458002717,4186.534326680283
-2429.6529156306015,155.6843829374559,2872.1427188661896
-2432.555362827736,646.5545380395539,2836.684568755068
-1884.1547989950336,-200.11021757166293,4282.146144194275
-2116.8736251771475,569.7705220802112,2764.3110321475315
-2357.4605105748915,-229.24691402327824,2810.7563504612076
-2067.449746012677,657.990414150289,2850.231774096868
-3038.3076113949596,-208.6105449055462,3190.349633606837
-1773.7795172833887,852.2609210293308,3271.344652902516
-2217.032269408122,-204.40279519438099,4051.4386825570637
-2199.0318814109805,-56.779375290124,3116.634713558534
-2679.711168074852,-696.7816544823844,3342.216435961911
-2611.8659465175624,-505.4553064120433,3629.475347198002
-2241.4786279534355,-273.85216013012,2556.592677664743
-2852.8492758429097,128.4705871600411,3879.2458343137737
-2678.777153739194,-207.5926874226366,3804.4518409934235
-1928.2953843884138,-126.91968039719237,3047.8254068282613
-2796.889662596893,523.9204221768055,3649.179196834451
-2112.7667292762503,-356.748668661425,3815.382528289121
-1541.1353221260351,-499.24313007243404,3189.7671111737664
-2971.8546376463137,-394.2227240029892,3595.5550532292923
-3054.9233428831485,-209.6147524898897,3208.461983143297
-2497.8785248503805,577.3939500604856,3076.8184550754477
-1921.4237471775486,-409.9976964363692,3436.9009249978453
-2422.4843818374416,-274.07331592537787,3815.8665382027484
-1737.874002255273,143.90859079591633,4177.972726033903
-2232.488934570146,682.0042107776745,2803.4530956497283
-2483.5653224713888,396.29563506131046,3773.1273198891035
-1753.352582616927,-586.6041752768858,3801.2452229306537
-2444.417425190791,-79.35223266660296,4170.176566220196
-1850.0763079106712,153.9969005016477,3741.819608283235
-2823.859806441758,-582.8104838243204,3888.9048855288784
-1950.187948401893,-845.7187202328927,3291.7852793308475
-1916.3958733289799,-283.0203917815459,3875.235048529346
-2014.4100534209344,-74.55035455068071,3016.665324410297
-2396.0565387017896,-797.8157843984559,3324.0897171734905
-2190.8652053852065,-610.1778392146832,4027.3839094404816
-1961.4750586979096,-87.72367715532737,3525.6285701486295
-1607.0064868255413,387.46406750195206,3745.4085470325444
-1932.9428469223376,141.47547845217144,3661.5074208508295
-2868.228959942877,197.08306272069498,4027.9373271637437
-2315.569341539688,-159.8472404245257,4255.013821455408
-2538.004415348232,-145.62995363304188,3369.9748222479475
-2001.6493868389905,90.37487933120536,2904.615801614737
-2268.2276895125146,-492.5267855030233,3683.2591343997815
-1776.2010484329576,-393.8244389673522,4072.6715477423654
-2602.0378470592236,28.435301746269737,2928.3991152260887
-1466.2268955764691,-186.7538614297839,3377.760321817545
-2287.2664754330654,667.436597369139,3002.4007898521577
-1720.9490641464454,465.7106365836681,3546.8732916854137
-2189.1258368081603,-151.8130881818842,2837.685487710639
-1806.2781469995305,-105.26794910462999,3150.535980406275
-1797.0009822347586,149.1410176048218,3799.183124463762
-2189.8161399807996,751.1238110370133,3331.4451381614344
-1940.571306276515,-706.5468634845238,3461.241369668112
-1757.896645283302,53.71665104567036,3793.131684898164
-1536.8709914617325,-25.22433588549111,2986.700022885342
-2235.0783813252046,86.22908760654325,3554.3031000822525
-2196.1230866116143,149.45805060697958,4358.370517601676
-2373.9941055514464,-370.6706797744381,3314.577404251678
-2068.3706671402306,467.6905950465553,3570.9862283371003
-2390.8882688059402,860.0812460037854,3317.3636626191196
-1925.6282370508447,-329.537031786753,4125.17571871321
-1759.2075849701785,-350.3491948567392,2993.3471449315166
-1823.106839369799,-243.2582003881949,3515.557234711946
-2672.6323857781254,400.2042687959704,3827.0925976743815
-2094.4347830148963,27.25720030149459,4096.053751577132
-1350.3778637087871,4.601778662164602,3467.9777456133743
-2355.6920753616855,-696.9291824887707,3080.5180046592873
-2502.439522985358,89.25197676851582,2746.5011965773006
-1611.9840351645996,430.61924955666296,3868.2116712330762
-3096.967303685412,-197.23278072507355,3799.324017102919
-2159.6749311804247,189.06190870258354,2780.0867969838378
-2614.519564818551,620.520777849829,3000.402134368036
-2320.935950334347,-282.16583023329986,2929.659816178693
-2401.3750547975615,139.78451429259843,2954.1139452747575
-2979.2811217370354,565.5721597775521,3329.629004550603
-2261.500595348499,-346.77086201639094,3073.824589312281
-2806.111017242535,551.9475057548093,3321.7072736330483
-2099.617365515079,-88.23445251290308,3398.7646115638054
-1909.4422980804188,207.14443084073332,3957.485354752789
-2946.6821628608905,-301.66255738676284,3031.0889622227587
-1589.8979598101412,567.2478050853899,3542.614571725599
-2710.662502367649,364.88025226729,3634.9374731763614
-2123.6851560492123,-729.8924893997892,3868.876338827393
-1680.3648835556578,-74.0716869663438,3866.159064023017
-2959.374435308483,-60.007398106621146,3991.3997741594503
-2599.8654201857885,-93.89554743999628,4316.023002432031
-2605.390528814675,-171.7630310622198,2726.1126919776834
-2044.7434773875445,682.9167392098796,2909.238902397092
-2021.4735655273673,-600.4858454492025,3888.4359129806944
-1434.2157640112928,-170.09864796051755,3886.723248370919
-1335.3582997157778,75.22493991072787,3264.5537042042665
-3015.601280833652,-269.90505682166923,3515.370806234999
-1859.8633824100639,671.6951038170245,3935.9905499849488
-1980.777542852623,10.790318513851815,3729.8288814633165
-1468.5363496213076,-290.1478089729199,3134.320980350167
-2378.483913600142,828.5365882775437,3957.8517709759576
-1923.4011572728314,281.1711779937509,4345.456132226971
-2262.8699938387826,-23.449835463392965,3224.534881449227
-2880.5065508455546,185.84836005375928,3785.0219677765317
-1543.3689567584097,208.44808769532318,2813.2959050930735
-2542.0861644793536,838.82023818347,3433.252090649638
-2330.372154979716,743.0197915090529,3552.235551457534
-2000.382701904583,516.0463098714705,2979.615482459932
-2826.2312893519265,73.30949330364422,3016.4489308572083
-2080.687319394913,-802.7631201458485,3096.9727213043084
-1937.3890505184556,-487.1022775978831,3655.9895441266963
-2472.846232722026,469.83770264891956,3976.0271917974283
-2454.0154839293855,-631.8365500875553,3792.3936645355857
-2665.9322826950356,-173.8492926576818,2860.8702826377485
-1712.7753005357026,419.6358511645206,3659.7424544748164
-2515.5643532072377,-126.61771284125756,3016.213000572264
-2309.0475464763326,-539.9210075177891,3386.5304968151363
-1841.9966227242205,160.3292511503085,3283.795522006795
-2320.3028963181723,210.5707649251296,3813.57287185409
-2814.319589534093,1.8081645206673436,2755.266200968221
-2150.292750071132,-307.5672956826261,3059.6399531604757
-2167.042398777772,-410.59395902294506,2624.4255348198435
-2048.106023217752,788.9122533541429,3249.435843119597
-2108.0803872704955,-333.89872582748967,3496.1683220417767
-1782.2939596334047,-839.5510762990672,3152.314426739488
-1859.5412574297025,189.77523561329824,3905.7024454694074
-2917.748885769367,-235.3467245050078,3733.255383275719
-1436.1987608675765,333.68318534818184,3317.6654854630924
-2595.1212766795065,-324.3461979645215,3383.3965421248295
-1456.5102000007464,-351.85683991016606,3482.6230459143144
-2145.629907605457,734.8742063441449,3912.2096852074114
-3063.3749119521585,-459.8307602851635,3464.495490594935
-2150.1779192260155,890.4237725546244,3113.9909476724824
-2242.242531738718,939.1227614608061,3111.1034813456004
-2314.114600338826,125.50990093169156,4218.710547592019
-2624.0056128009733,-367.2278471287407,3434.9998711169064
-2571.2914814963237,-745.0574938504482,3972.1020448025106
-2087.9875124008377,497.48413541480517,3200.1385433162304
-2167.635900557061,-491.69739318229585,3146.839491217117
-2698.151927377349,-210.32021420315237,4272.102393790927
-1896.4786218785766,33.5382978037595,4146.183295170015
-1597.0000085277202,37.96667697170797,2902.2629711081563
-2465.428362516609,269.94224605906857,3932.776634910079
-2622.692965508851,407.56055407754445,3249.6377284694236
-2317.982915817931,163.7684696140975,3396.7116007117243
-1671.4225829778075,451.54325679232477,3198.4258376246553
-1878.5348264833951,766.1494963264914,3392.151877285495
-2919.9601229659033,374.23887865406556,3584.604234349912
-1636.5479191597235,-146.4086955053836,2676.5895423023585
-2106.3608810977325,-862.3076435317384,3625.7165407386915
-1392.3496276126448,-335.5859960780232,3081.9902878513494
-2553.5576878297584,-387.5615291503127,3505.8671891222334
-1705.4381066129931,38.86626522914361,3840.038253836311
-1779.5628584144933,-219.8262894293519,4281.844894171995
-2391.036064565454,-440.9917927361739,2869.3518615508347
-1431.354658864188,188.16093557591174,2896.2091941803683
